Timestamp,Employee_id,Feedback,FeedbackType,OffDefinitions,Suggestions,Account,Industry,ProblemStatement,Agent,Section
2025-11-17 17:53:28,T1721,good,Positive,,,Mars,Consumer Goods,"Transforming a people-led Data Ops engagement into an agentic system-driven orchestration model that can autonomously monitor, edit, test, and restart data pipelines while responding to user queries — creating differentiation and long-term value as a Data Ops partner",Vocabulary Agent,
2025-11-17 18:04:52,T1721,good,Positive,,,Mars,Consumer Goods,"Transforming a people-led Data Ops engagement into an agentic system-driven orchestration model that can autonomously monitor, edit, test, and restart data pipelines while responding to user queries — creating differentiation and long-term value as a Data Ops partner
",Vocabulary Agent,
2025-11-18 12:20:46,T1721,,Positive,,,Bristol-Myers Squibb,Pharma,"Transforming a people-led Data Ops engagement into an agentic system-driven orchestration model that can autonomously monitor, edit, test, and restart data pipelines while responding to user queries — creating differentiation and long-term value as a Data Ops partner
",Vocabulary Agent,
2025-11-18 12:20:58,T1721,,Positive,,,Bristol-Myers Squibb,Pharma,"Transforming a people-led Data Ops engagement into an agentic system-driven orchestration model that can autonomously monitor, edit, test, and restart data pipelines while responding to user queries — creating differentiation and long-term value as a Data Ops partner
",Vocabulary Agent,
2025-11-18 12:21:54,T1721,,Positive,,,Bristol-Myers Squibb,Pharma,"Transforming a people-led Data Ops engagement into an agentic system-driven orchestration model that can autonomously monitor, edit, test, and restart data pipelines while responding to user queries — creating differentiation and long-term value as a Data Ops partner
",Current System Agent,
2025-11-18 12:26:07,T1721,,Positive,,,Bristol-Myers Squibb,Pharma,"Transforming a people-led Data Ops engagement into an agentic system-driven orchestration model that can autonomously monitor, edit, test, and restart data pipelines while responding to user queries — creating differentiation and long-term value as a Data Ops partner
",Current System Agent,
2025-11-18 12:27:02,T1721,njjhjj,Positive,,,Bristol-Myers Squibb,Pharma,"Transforming a people-led Data Ops engagement into an agentic system-driven orchestration model that can autonomously monitor, edit, test, and restart data pipelines while responding to user queries — creating differentiation and long-term value as a Data Ops partner
",Current System Agent,
2025-11-18 13:29:20,T1721,ff,Positive,,,Bristol-Myers Squibb,Pharma,"Transforming a people-led Data Ops engagement into an agentic system-driven orchestration model that can autonomously monitor, edit, test, and restart data pipelines while responding to user queries — creating differentiation and long-term value as a Data Ops partner
",Vocabulary Agent,
2025-11-18 13:32:58,T1721,nn,Positive,,,Bristol-Myers Squibb,Pharma,"Transforming a people-led Data Ops engagement into an agentic system-driven orchestration model that can autonomously monitor, edit, test, and restart data pipelines while responding to user queries — creating differentiation and long-term value as a Data Ops partner
",Vocabulary Agent,
2025-11-18 13:37:37,T1721,nnn,Inaccurate,nnn,,Bristol-Myers Squibb,Pharma,"Transforming a people-led Data Ops engagement into an agentic system-driven orchestration model that can autonomously monitor, edit, test, and restart data pipelines while responding to user queries — creating differentiation and long-term value as a Data Ops partner
",Vocabulary Agent,
